DATE,C,Java,Python,C++,C#,Visual Basic,JavaScript,PHP,R,SQL,Go,Swift,Perl,Assembly Language,Ruby,MATLAB,Groovy,Rust,Objective-C,Dart,Classic Visual Basic,PL/SQL,Delphi/Object Pascal,Transact-SQL,Fortran,Prolog,Lua,Scratch,COBOL,Julia,Kotlin,Ada
"Jun 30, 2001",20.24,26.49,1.25,14.20,0.38,,1.55,1.90,,2.96,,,6.60,,,0.32,,,,,,,3.58,,1.41,0.71,,,1.61,,,0.87
"Jul 30, 2001",20.77,25.03,1.13,16.11,0.43,,1.72,1.38,,2.77,,,6.78,,,0.29,,,,,,,2.91,,1.31,0.69,,,1.54,,,0.85
"Aug 30, 2001",20.75,24.66,1.20,16.12,0.38,,1.66,1.55,,2.38,,,7.07,,,0.32,,,,,,,1.87,,1.46,0.76,,,1.68,,,0.86
"Sep 28, 2001",20.77,24.82,1.17,15.85,0.39,,1.63,1.55,,2.36,,,7.31,,,0.31,,,,,,,2.41,,1.40,0.72,,,1.62,,,0.84
"Oct 26, 2001",19.75,25.68,1.28,16.10,0.42,,1.51,1.78,,2.24,,,7.38,,,0.31,,,0.03,,,,2.77,,1.32,0.70,,,1.54,,,0.80
"Nov 28, 2001",19.21,24.37,1.23,15.67,0.76,,1.47,4.87,,1.84,,,7.23,,,0.31,,,0.10,,,,2.74,,1.29,0.71,,,1.50,,,0.78
"Dec 31, 2001",20.14,24.20,1.04,14.96,0.59,,1.46,7.27,,1.87,,,7.48,,,0.29,,,0.03,,,,1.29,,1.23,0.71,,,1.35,,,0.78
"Jan 30, 2002",18.83,24.06,1.02,15.18,0.62,,2.73,8.27,,1.94,,,7.15,,,0.28,,,0.03,,,,1.19,,1.23,0.69,,,1.24,,,0.73
"Feb 27, 2002",19.89,24.01,0.99,15.54,0.74,,1.48,7.44,,2.09,,,6.71,,0.19,0.30,,,0.04,,,,1.27,,1.27,0.74,,,1.31,,,0.76
"Mar 29, 2002",19.85,24.41,0.99,15.91,0.74,,1.47,7.03,,2.06,,,6.61,,0.19,0.30,,,0.04,,,,1.25,,1.27,0.74,,,1.31,,,0.75
"Apr 29, 2002",19.82,25.05,1.07,15.37,1.18,,1.37,5.05,,2.33,,,6.48,,0.43,0.31,,,0.03,,,,1.48,,1.28,0.80,,,1.31,,,0.76
"May 29, 2002",19.99,25.19,1.06,14.86,1.16,,1.36,5.22,,2.36,,,6.66,,0.43,0.30,,,0.03,,,,1.47,,1.26,0.79,,,1.31,,,0.75
"Jun 29, 2002",19.57,24.20,1.13,14.18,1.46,,1.43,5.18,,2.53,,,8.01,,0.44,0.32,,,0.04,,,,1.33,,1.28,0.79,,,1.30,,,0.77
"Jul 31, 2002",19.25,24.53,1.08,14.94,1.36,,1.15,6.50,,2.66,,,9.29,,0.39,0.27,,,0.03,,,,1.43,,1.05,0.67,,,1.04,,,0.64
"Aug 29, 2002",18.16,22.89,1.22,14.77,1.46,,2.02,5.35,,2.65,,,9.31,,0.38,0.31,,,0.04,,,,1.61,,1.16,0.77,,,1.19,,,0.96
"Sep 29, 2002",18.70,24.48,1.08,15.90,1.65,,1.91,4.96,,2.54,,,8.33,,0.37,,,,,,,,1.40,,1.14,0.70,,,1.21,,,0.89
"Oct 30, 2002",18.73,24.20,1.19,15.03,1.78,,1.98,5.28,,2.64,,,7.98,,0.36,,,,,,,,1.52,,1.19,0.79,,,1.25,,,0.92
"Nov 29, 2002",17.50,24.12,1.00,13.64,2.38,,2.49,7.30,,2.38,,,8.73,,0.33,,,,,,,,1.59,,1.22,0.63,,,1.06,,,0.69
"Dec 31, 2002",17.26,24.23,1.00,13.19,2.45,,2.42,7.61,,2.52,,,8.42,,0.31,0.29,,,0.04,,,,1.60,,1.24,0.66,,,1.06,,,0.70
"Jan 31, 2003",18.25,24.79,1.03,14.63,1.99,,2.92,4.49,,2.56,,,8.67,,0.33,0.32,,,0.05,,,,1.43,,1.14,0.69,,,1.18,,,0.81
"Feb 28, 2003",18.54,24.78,0.97,15.53,1.98,,2.81,4.01,,2.51,,,8.74,,0.31,0.31,,,0.05,,,,1.37,,1.07,0.63,0.04,,1.08,,,0.76
"Mar 31, 2003",17.21,24.60,0.99,14.57,2.38,,2.63,4.61,,2.56,,,10.61,,0.29,0.28,,,0.05,,,,1.44,,0.96,0.54,0.04,,1.00,,,0.70
"Apr 30, 2003",18.02,24.66,1.01,15.80,1.88,,3.26,4.53,,2.65,,,9.01,,0.23,0.28,,,0.05,,,,1.05,,0.87,0.54,0.04,,0.95,,,0.65
"May 30, 2003",18.50,23.11,1.16,15.58,1.94,,1.72,4.78,,3.12,,,9.44,,0.25,0.32,,,0.07,,,,1.47,,0.91,0.57,0.18,,1.08,,,0.60
"Jun 30, 2003",18.52,22.34,1.28,16.72,1.78,,1.69,3.83,,3.04,,,9.20,,0.19,0.34,,,0.08,,,,1.57,,0.94,0.54,0.03,,1.15,,,0.56
"Jul 31, 2003",17.97,23.21,1.30,16.58,2.00,,1.79,4.68,,2.99,,,8.98,,0.19,0.33,,,0.08,,,,1.88,,0.87,0.50,0.03,,1.07,,,0.51
"Aug 31, 2003",17.78,22.24,1.42,17.53,2.06,,1.90,5.44,,3.24,,,8.10,,0.19,0.32,,,0.08,,,,1.59,,0.83,0.50,0.04,,1.03,,,0.53
"Sep 30, 2003",18.31,21.90,1.49,16.17,1.94,,1.66,5.80,,3.72,,,8.34,,0.19,0.33,,,0.10,,,,1.39,,0.73,0.51,0.03,,1.03,,,0.68
"Oct 31, 2003",17.00,23.08,1.77,16.31,1.90,,1.92,3.57,,3.70,,,7.69,,0.26,0.40,,,0.12,,,0.04,1.54,,0.78,0.63,0.04,,1.25,,,0.80
"Nov 30, 2003",18.47,25.01,1.10,17.42,1.71,,1.74,5.74,,2.93,,,8.94,,0.16,0.25,,,0.07,,,0.02,0.83,,0.56,0.36,0.02,,0.79,,,0.54
"Dec 31, 2003",18.60,23.57,1.13,16.08,1.80,,1.74,6.31,,3.10,,,9.60,,0.16,0.25,,,0.08,,,0.02,0.80,,0.54,0.35,0.02,,0.76,,,0.54
"Jan 31, 2004",18.20,22.56,1.01,15.71,2.18,,2.14,7.26,,3.51,,,9.48,,0.15,0.23,,,0.07,,,0.02,0.72,,0.48,0.33,0.03,,0.75,,,0.50
"Feb 29, 2004",18.93,23.17,1.02,14.50,2.24,,2.06,7.63,,3.10,,,10.39,,0.16,0.23,,,0.07,,,0.02,0.79,,0.50,0.35,0.02,,0.70,,,0.51
"Mar 31, 2004",17.75,24.24,1.01,15.99,2.14,,1.78,9.76,,2.97,,,7.77,,0.20,0.27,,,0.08,,,0.01,0.82,,0.51,0.35,0.02,,0.65,,,0.44
"Apr 30, 2004",17.95,18.69,4.57,12.27,1.88,,1.78,7.17,,2.44,,,10.71,,0.15,0.26,,,0.07,,,0.01,4.11,,0.38,0.28,0.02,,0.54,,,0.35
"May 30, 2004",18.29,17.54,6.58,12.55,1.65,,1.45,8.71,,,,,10.38,,0.16,0.27,,,0.07,,,2.28,3.40,,0.37,0.28,0.05,,0.52,,,0.33
"Jun 30, 2004",17.14,17.05,4.96,13.44,1.67,,1.61,10.32,,,,,8.88,,0.16,0.25,,,0.07,,,2.93,4.49,,0.34,0.27,0.02,,0.60,,,0.33
"Jul 31, 2004",16.33,17.00,4.70,15.31,1.63,,1.68,10.43,,,,,8.44,,0.15,0.28,,,0.07,,,2.86,4.81,,0.33,0.26,0.02,,0.53,,,0.32
"Aug 30, 2004",17.12,15.90,5.60,14.92,1.63,,1.51,8.23,,,,,8.97,,0.12,0.26,,,0.06,,,2.69,5.87,,0.28,0.26,0.01,,0.50,,,0.27
"Sep 30, 2004",18.17,17.05,4.44,15.02,1.64,,1.27,7.42,,,,,8.82,,0.18,0.34,,,0.09,,,3.17,4.46,,0.37,0.28,0.02,,0.71,,,0.36
"Oct 31, 2004",17.99,14.80,5.20,13.86,1.50,,1.12,7.59,,,,,9.73,,0.18,0.33,,,0.08,,,3.00,5.31,,0.43,0.26,0.04,,0.79,,,0.36
"Nov 30, 2004",19.70,16.33,3.03,11.91,1.95,,1.59,11.45,,,,,7.42,,0.22,0.44,,,0.10,,,3.45,2.98,,0.50,0.33,0.05,,0.99,,,0.46
"Dec 31, 2004",20.71,17.48,2.84,11.93,2.20,,1.70,9.48,,,,,7.46,,0.24,0.42,,,0.09,,,3.31,2.57,,0.52,0.36,0.05,,1.07,,,0.49
"Jan 31, 2005",19.82,18.34,2.51,11.34,2.36,,1.78,10.28,,,,,8.86,,0.24,0.40,,,0.08,,,3.37,1.89,,0.52,0.34,0.03,,0.87,,,0.46
"Feb 28, 2005",19.47,18.87,2.42,11.63,2.53,,1.65,9.41,,,,,9.15,,0.29,0.40,,,0.08,,,3.34,2.14,,0.89,0.34,0.04,,0.87,,,0.49
"Mar 31, 2005",18.63,16.98,2.70,10.19,2.82,,1.64,8.72,,,,,10.20,,0.30,0.42,,,0.06,,,3.49,3.68,,1.05,0.45,0.02,,0.99,,,0.64
"Apr 30, 2005",18.52,17.40,2.48,9.90,2.77,,1.44,9.20,,,,,10.58,,0.31,0.39,,,0.08,,,3.30,2.25,,1.06,0.42,0.03,,0.98,,,0.67
"May 31, 2005",19.37,18.57,2.80,9.72,2.78,,1.39,7.97,,,,,10.37,,0.38,0.78,,,0.10,,,2.65,2.89,,0.82,0.31,0.03,,1.38,,,0.68
"Jun 30, 2005",19.85,19.66,2.52,11.06,3.14,,1.78,9.17,,,,,7.83,,0.30,0.66,,,0.10,,,1.04,1.74,,0.79,0.34,0.02,,1.39,,,0.75
"Jul 31, 2005",19.47,21.21,2.88,10.51,3.48,,1.92,7.87,,,,,9.88,,0.27,0.30,,,0.08,,,0.97,1.76,,0.59,0.33,0.03,,1.04,,,0.50
"Aug 31, 2005",19.16,22.44,3.03,11.17,3.29,,1.77,8.89,,,,,9.27,,0.29,0.32,,,0.07,,,0.96,1.67,,0.60,0.33,0.03,,0.86,,,0.54
"Sep 30, 2005",18.77,21.87,2.88,11.82,3.46,,2.04,9.67,,,,,7.45,,0.32,0.35,,,0.07,,,0.96,1.49,,0.64,0.39,0.04,,0.86,,,0.59
"Dec 3, 2005",19.63,22.13,2.68,11.03,3.31,,1.84,9.63,,,,,7.39,,0.32,0.36,0.01,,0.06,,,0.97,1.43,,0.45,0.31,0.03,,0.74,,,0.48
"Jan 4, 2006",19.01,22.25,2.60,11.46,3.55,,1.54,9.40,,,,,7.05,,0.37,0.33,0.01,,0.07,,,1.03,1.58,,0.47,0.30,0.04,,0.76,,,0.47
"Feb 2, 2006",18.33,22.43,2.67,11.30,3.97,,1.51,8.92,,,,,6.71,,0.41,0.33,0.01,,0.06,,,0.97,1.97,0.17,0.48,0.32,0.05,,0.74,,,0.51
"Mar 1, 2006",17.79,21.89,3.09,11.16,3.15,,1.73,9.95,,,,,6.42,,0.47,0.35,0.01,,0.07,,,0.99,1.84,0.20,0.46,0.38,0.04,,0.53,,,0.60
"Apr 2, 2006",17.69,21.28,2.76,10.90,3.95,,1.57,10.88,,,,,5.85,,0.49,0.33,0.01,,0.07,,,1.01,1.44,0.33,0.46,0.30,0.05,,0.52,,,0.49
"May 1, 2006",17.69,21.32,3.04,10.94,3.27,,2.19,10.22,,,,,6.05,,0.46,0.33,0.01,,0.07,,,1.01,1.77,0.39,0.43,0.29,0.05,,0.66,,,0.49
"Jun 1, 2006",18.25,21.13,3.46,10.67,3.24,,1.46,9.59,,,,,6.00,,0.48,0.33,0.01,,0.09,,,0.96,2.39,0.29,0.43,0.31,0.06,,0.65,,,0.54
"Jul 2, 2006",17.83,21.85,3.02,9.78,3.40,,2.11,10.35,,,,,5.63,,0.51,0.32,0.01,,0.09,,,0.96,2.04,0.27,0.37,0.28,0.06,,0.46,,,0.55
"Aug 2, 2006",17.43,22.38,3.07,10.25,2.68,,2.02,9.64,,,,,5.31,,0.80,0.34,0.01,,0.08,,,1.15,2.16,0.28,0.39,0.30,0.05,,0.56,,,0.55
"Sep 2, 2006",18.06,21.53,3.14,10.75,2.99,,2.44,9.13,,,,,5.43,,0.94,0.36,0.02,,0.09,,,1.04,2.10,0.36,0.40,0.30,0.06,,0.56,,,0.54
"Oct 1, 2006",17.66,21.17,3.47,11.06,3.06,,2.20,9.86,,,,,5.48,,1.08,0.32,0.02,,0.09,,,1.09,2.15,0.37,0.40,0.31,0.07,,0.55,,,0.56
"Nov 2, 2006",17.20,20.40,3.64,11.05,3.02,,2.31,9.21,,,,,6.23,,1.72,0.31,0.03,,0.09,,,1.22,2.25,0.41,0.39,0.31,0.08,,0.56,,,0.55
"Dec 1, 2006",16.62,19.91,3.76,10.41,3.17,,2.56,8.54,,,,,6.40,,2.33,0.33,0.04,,0.10,,,1.35,2.57,0.47,0.45,0.34,0.10,,0.60,,,0.66
"Jan 2, 2007",15.81,19.16,3.50,10.42,3.52,,2.84,7.94,,,,,6.24,,2.52,0.35,0.05,,0.09,,,1.57,2.34,0.51,0.48,0.37,0.10,,0.64,,,0.64
"Feb 3, 2007",16.10,18.98,3.57,10.77,3.19,,2.98,8.85,,,,,6.07,,2.53,0.36,0.07,,0.11,,,1.63,2.08,0.54,0.52,0.39,0.11,,0.66,,,0.66
"Mar 3, 2007",15.63,18.04,3.90,11.11,3.37,,3.49,9.46,,,,,6.42,,2.77,0.40,0.06,,0.11,,,1.55,1.76,0.59,0.53,0.40,0.40,,0.65,,,0.65
"Apr 1, 2007",14.94,18.36,3.81,10.72,3.55,,3.14,8.64,,,,,6.04,,2.80,0.37,0.08,,0.11,,,1.89,2.33,0.62,0.61,0.38,0.44,,0.65,,,0.68
"May 5, 2007",15.15,19.14,3.78,10.11,3.66,,3.07,8.74,0.06,,,,6.15,,2.63,0.37,0.08,,0.11,,,1.98,2.13,0.59,0.63,0.38,0.52,,0.63,,,0.68
"Jun 2, 2007",15.97,20.03,3.16,11.12,3.48,,2.62,8.87,0.07,,,,6.18,,2.13,0.39,0.07,,0.09,,,2.02,1.57,0.53,0.58,0.36,0.57,,0.59,,,0.63
"Jul 2, 2007",16.36,21.01,3.02,10.50,3.71,,2.51,8.65,0.07,,,,5.33,,2.10,0.37,0.07,,0.08,,,1.97,1.50,0.51,0.56,0.34,0.58,,0.58,,,0.60
"Aug 5, 2007",15.70,21.77,2.75,10.11,3.99,,2.58,9.70,0.06,,,,5.32,,1.91,0.35,0.05,,0.07,,,1.83,1.22,0.55,0.46,0.30,0.65,,0.60,,,0.54
"Sep 2, 2007",14.91,21.70,3.03,9.94,3.58,,2.72,10.20,0.07,,,,5.42,,2.06,0.36,0.05,,0.08,,,1.86,1.22,0.45,0.48,0.31,0.57,,0.63,,,0.57
"Oct 4, 2007",14.59,21.62,3.43,9.58,3.74,,2.68,9.50,0.07,,,,5.35,,2.39,0.35,0.07,,0.09,,,1.97,1.54,0.27,0.45,0.29,0.60,,0.68,,,0.56
"Nov 4, 2007",13.97,20.54,4.23,8.75,3.92,,2.93,8.69,0.09,,,,4.74,,3.08,0.52,0.23,,0.09,,,1.18,2.46,0.60,0.60,0.36,0.75,,0.71,,,0.61
"Dec 3, 2007",13.17,20.05,4.70,7.87,3.99,,2.73,8.39,0.09,,,,4.38,,3.09,0.65,0.25,,0.09,,,1.39,2.67,0.82,0.70,0.39,0.77,,0.89,,,0.64
"Jan 3, 2008",13.92,20.85,5.54,8.73,4.86,,3.20,9.20,0.04,,,,5.25,,2.34,0.24,0.17,,0.07,,,1.23,3.34,0.15,0.31,0.21,0.58,,0.93,,,0.34
"Feb 7, 2008",14.86,21.48,4.76,9.27,4.51,,2.33,9.89,0.06,,,,6.21,,1.86,0.20,0.15,,0.07,,,0.98,2.80,0.15,0.25,0.17,0.39,,0.84,,,0.38
"Jun 1, 2008",15.51,20.89,4.90,10.81,4.06,,2.93,10.21,0.09,,,,5.55,,2.64,0.26,0.12,,0.10,,,0.76,2.02,0.25,0.33,0.22,0.37,,0.38,,,0.42
"Jul 2, 2008",15.95,21.34,4.97,10.69,4.00,,2.76,9.52,0.08,,,,5.13,,2.74,0.25,0.12,,0.09,,,0.74,2.01,0.16,0.29,0.22,0.41,,0.41,,,0.41
"Aug 3, 2008",16.18,21.57,4.98,10.06,3.70,,2.89,9.35,0.06,,,,4.69,,2.92,0.24,0.11,,0.10,,,0.68,2.73,0.21,0.29,0.21,0.37,,0.36,,,0.35
"Sep 3, 2008",15.38,20.71,5.01,10.72,4.33,,3.13,9.24,0.07,,,,4.84,,2.76,0.25,0.11,,0.11,,,0.70,3.05,0.20,0.30,0.21,0.42,,0.36,,,0.35
"Oct 6, 2008",15.57,20.95,4.56,10.95,3.77,,2.67,8.61,0.07,,,,4.42,,2.86,0.40,0.14,,0.09,,,1.02,3.29,0.16,0.38,0.25,0.55,,0.49,,,0.37
"Nov 2, 2008",15.28,20.30,5.14,10.36,4.03,,2.93,8.94,0.08,,,,3.88,,2.87,0.47,0.14,,0.15,,,0.94,4.01,0.11,0.38,0.31,0.47,,0.51,,,0.41
"Dec 3, 2008",15.02,17.92,4.17,10.10,4.58,,2.97,9.13,0.07,,,,3.40,,4.03,0.45,0.15,,0.23,,,1.17,2.36,0.31,0.35,0.24,0.44,,0.55,,,0.40
"Jan 2, 2009",15.93,19.02,4.73,10.12,5.61,,3.36,8.88,0.07,,,,4.30,,3.15,0.43,0.13,,0.14,,,1.01,3.30,0.17,0.32,0.22,0.45,0.16,0.58,,,0.33
"Feb 1, 2009",15.84,19.40,4.57,9.63,5.06,,3.54,8.78,0.08,,,,4.12,,3.28,0.42,0.13,,0.18,,,0.99,3.62,0.29,0.31,0.20,0.49,0.17,0.47,,,0.35
"Mar 5, 2009",15.86,19.80,5.18,10.36,4.32,,3.61,9.48,0.08,,,,3.42,,2.60,0.46,0.13,,0.18,,,1.04,2.71,0.16,0.32,0.21,0.48,0.17,0.46,,,0.34
"Apr 7, 2009",15.47,19.34,6.08,10.74,4.06,,3.68,9.89,0.09,,,,3.46,,2.57,0.48,0.17,,0.13,,,1.09,2.27,0.17,0.34,0.22,0.49,0.18,0.46,,,0.36
"May 1, 2009",16.13,19.54,5.55,11.07,4.27,,3.55,9.92,0.10,,,,3.52,,2.69,0.52,0.13,,0.13,,,1.10,2.33,0.19,0.36,0.22,0.49,0.19,0.47,,,0.35
"Jun 4, 2009",16.78,20.15,4.76,10.59,4.54,,4.02,9.67,0.10,,,,3.91,,2.63,0.53,0.15,,0.12,,,0.88,2.18,0.17,0.37,0.22,0.56,0.25,0.40,,,0.37
"Jul 2, 2009",17.32,20.45,4.43,10.42,4.54,,3.51,9.27,0.10,,,,4.20,,2.57,0.51,0.11,,0.51,,,0.89,2.00,0.27,0.40,0.24,0.53,0.27,0.40,,,0.39
"Aug 1, 2009",17.22,19.53,4.49,10.50,4.44,,2.81,9.39,0.11,,,,4.03,,2.49,0.56,0.12,,0.61,,,0.98,2.34,0.29,0.40,0.26,0.48,0.33,0.44,,,0.42
"Sep 5, 2009",16.86,19.38,3.93,9.99,4.19,,3.00,10.16,0.09,,,,4.53,,2.38,0.51,0.15,,0.59,,,0.82,1.97,0.37,0.37,0.23,0.51,0.38,0.42,,,0.39
"Oct 2, 2009",16.84,18.65,3.90,9.88,4.42,,3.03,10.36,0.10,,,,3.76,,2.45,0.57,0.15,,1.16,,,1.02,2.13,0.40,0.38,0.26,0.53,0.31,0.45,,,0.30
"Nov 2, 2009",17.32,18.37,4.67,10.00,5.35,,2.92,10.18,0.10,,,,3.49,,2.40,0.61,0.15,,0.89,,,0.91,2.13,0.41,0.38,0.23,0.54,0.35,0.43,,,0.30
"Dec 2, 2009",16.28,17.06,5.19,9.18,6.26,,3.51,9.77,0.11,,,,2.69,,2.65,0.58,0.17,,1.16,,,1.49,2.30,0.31,0.43,0.29,0.58,0.48,0.46,,,0.41
"Jan 5, 2010",16.22,17.48,4.45,9.71,5.77,,2.71,10.07,0.10,,1.25,,3.56,,2.47,0.54,0.25,,1.38,,,0.72,2.39,0.38,0.39,0.26,0.54,0.40,0.43,,,0.39
"Feb 7, 2010",16.60,17.35,4.31,9.45,5.01,,2.64,10.00,0.14,,1.78,,3.60,,2.44,0.54,0.26,,1.78,,,0.74,2.66,0.42,0.38,0.26,0.51,0.50,0.44,,,0.37
"Mar 7, 2010",17.28,17.51,4.23,9.61,4.26,,2.65,9.91,0.15,,0.92,,3.82,,2.33,0.66,0.24,,1.97,,,0.74,2.68,0.48,0.56,0.27,0.51,0.52,0.43,,,0.38
"Apr 5, 2010",18.06,18.05,4.21,9.71,4.43,,2.47,9.66,0.14,,0.71,,3.55,,2.22,0.62,0.24,,2.29,,,0.71,2.71,0.50,0.35,0.26,0.52,0.48,0.40,,,0.36
"May 15, 2010",18.19,17.96,4.10,10.38,4.78,,2.08,9.07,0.20,,0.64,,3.29,,2.09,0.61,0.28,,2.36,,,0.86,2.57,0.49,0.41,0.27,0.49,0.34,0.43,,,0.43
"Jul 6, 2010",18.48,18.67,4.22,10.47,5.73,,2.43,8.57,0.17,,0.49,,3.10,,1.98,0.58,0.22,,2.50,,,0.77,2.32,0.46,0.35,0.24,0.54,0.31,0.38,,,0.38
"Jul 30, 2010",17.87,17.99,4.22,9.66,4.99,,2.40,9.18,0.18,,0.60,,3.43,,1.98,0.63,0.23,,3.15,,,0.76,2.43,0.56,0.35,0.24,0.53,0.32,0.39,,,0.40
"Sep 11, 2010",17.15,17.92,4.58,9.81,5.02,0.33,1.66,8.37,0.33,,0.73,,2.45,,1.91,0.60,0.12,,3.37,,,0.64,1.58,0.77,0.46,0.29,0.56,0.34,0.40,,,0.68
"Oct 2, 2010",17.18,18.17,4.86,9.80,4.96,0.33,1.66,8.32,0.36,,0.63,,2.31,,1.94,0.63,0.15,,3.71,,,0.60,1.56,0.82,0.46,0.29,0.56,0.36,0.38,,,0.70
"Nov 3, 2010",16.72,18.51,5.68,9.50,5.71,0.32,1.66,7.81,0.36,,0.55,,2.47,,1.91,0.64,0.15,,3.19,,,0.66,1.64,0.79,0.48,0.30,0.61,0.33,0.41,,,0.70
"Dec 7, 2010",16.08,18.00,6.48,9.01,6.69,0.26,1.51,7.51,0.54,,0.59,,2.33,0.66,1.78,0.61,0.14,,3.24,,,0.57,2.17,0.78,0.43,0.28,0.50,0.33,0.39,,,0.65
"Jan 2, 2011",15.82,17.77,6.26,8.78,6.23,0.26,1.59,7.83,0.54,,0.59,,2.86,0.86,1.78,0.71,0.36,,3.01,,,0.56,1.29,0.76,0.46,0.29,0.64,0.37,0.36,,,0.68
"Feb 8, 2011",14.99,18.48,7.04,8.19,6.81,0.59,2.56,6.97,0.56,,0.71,,1.91,1.27,1.62,0.48,0.26,,2.57,,,0.41,1.06,0.56,0.58,0.24,0.71,0.34,0.31,,,0.81
"Mar 8, 2011",15.26,19.71,5.74,8.75,7.21,0.56,1.87,6.57,0.49,,0.96,,1.97,1.34,1.50,0.45,0.46,,3.52,,,0.41,1.00,0.55,0.35,0.23,0.81,0.41,0.33,,,0.73
"Apr 3, 2011",16.16,19.04,4.93,9.23,7.19,0.34,1.51,6.58,0.42,,0.56,,1.99,0.97,1.48,0.46,0.19,,4.39,,,0.46,1.03,0.58,0.39,0.23,1.04,0.44,0.34,,,0.77
"May 2, 2011",16.17,18.16,4.58,9.15,7.54,0.48,1.39,6.51,0.43,,0.49,,2.23,1.04,1.42,0.44,0.18,0.01,5.01,,,0.50,1.07,0.70,0.50,0.27,1.10,0.45,0.34,,,0.75
"Jun 5, 2011",16.28,18.58,3.90,9.83,6.84,0.43,1.5,6.6,0.37,,0.42,,2.31,0.67,1.48,0.48,0.14,0.01,4.44,,,0.5,1.07,0.65,0.39,0.25,2.04,0.43,0.33,,,0.61
"Jun 27, 2011",16.28,18.58,3.90,9.83,6.84,0.43,1.5,6.6,0.37,,0.42,,2.31,0.67,1.48,0.48,0.14,0.01,4.44,,,0.5,1.07,0.65,0.39,0.25,2.04,0.43,0.33,,,0.61
"Jul 8, 2011",17.28,19.25,3.58,9.02,6.22,0.48,2.24,6.18,0.36,,0.37,,2.33,0.62,1.32,0.45,0.12,0.01,5.18,,,0.54,0.89,0.80,0.35,0.23,1.57,0.38,0.26,,,0.55
"Aug 3, 2011",17.39,19.41,3.41,8.43,6.04,0.46,1.56,6.13,0.40,,0.48,,2.31,0.60,1.33,0.44,0.14,0.01,5.49,,,0.53,1.08,0.82,0.39,0.26,1.36,0.40,0.28,,,0.70
"Sep 10, 2011",18.00,18.76,4.00,8.85,6.82,0.31,1.47,6.60,0.39,,0.36,,2.47,0.59,1.43,0.54,0.12,0.01,6.16,,,0.72,1.31,0.86,0.37,0.28,1.15,0.33,0.47,,,0.68
"Oct 9, 2011",17.71,17.91,3.94,9.07,6.72,0.48,2.19,6.82,0.42,,0.37,,2.43,0.62,1.53,0.57,0.12,0.01,6.25,0.05,,0.90,1.10,0.91,0.38,0.29,0.80,0.36,0.48,,,0.61
"Nov 7, 2011",17.32,17.87,3.62,8.08,7.32,0.53,2.56,6.10,0.50,,0.36,,2.08,0.53,1.50,0.96,0.18,0.01,5.98,0.14,,1.44,0.87,0.55,0.44,0.35,0.64,0.52,0.52,,,0.62
"Dec 4, 2011",17.06,17.56,3.49,8.25,8.21,0.36,2.20,6.00,0.52,,0.39,,2.47,0.56,1.49,0.54,0.27,0.01,6.81,0.19,,0.80,1.24,0.75,0.48,0.40,0.55,0.41,0.34,,,0.63
"Jan 8, 2012",16.97,17.47,3.21,8.05,8.76,0.48,2.32,5.70,0.60,,0.47,,2.77,0.54,1.44,0.51,0.32,0.01,6.92,0.09,,0.71,1.57,0.77,0.43,0.29,0.56,0.33,0.39,,,0.63
"Feb 5, 2012",16.52,17.05,3.15,7.85,8.65,0.80,2.46,5.64,0.62,,0.28,,2.93,0.52,1.56,0.49,0.41,0.02,7.06,0.09,,0.79,1.96,0.85,0.52,0.39,0.53,0.35,0.35,,,0.63
"Mar 11, 2012",17.09,17.11,3.29,8.05,8.24,0.78,3.39,5.55,0.50,,0.09,,2.70,0.43,1.41,0.46,0.36,0.00,7.74,0.08,,1.42,1.73,0.93,0.49,0.43,0.53,0.33,0.36,,,0.63
"Apr 8, 2012",17.55,17.03,3.66,8.90,7.35,0.98,2.88,5.29,0.38,,0.10,,2.39,0.47,1.51,0.57,0.39,0.00,8.24,0.05,,1.37,1.37,0.76,0.40,0.29,0.57,0.33,0.39,,,0.78
"May 9, 2012",17.35,16.60,3.82,9.82,6.82,1.27,2.13,5.71,0.38,,0.10,,2.81,0.52,1.45,0.48,0.34,0.01,8.31,0.05,,1.12,1.00,0.65,0.41,0.29,0.57,0.34,0.40,,,0.65
"Jun 10, 2012",17.72,16.26,3.85,9.36,7.03,1.22,1.47,5.29,0.44,,0.11,,2.22,0.54,1.68,0.56,0.12,0.01,9.09,0.05,,0.64,1.15,0.71,0.45,0.33,0.63,0.34,0.46,,,0.68
"Jul 4, 2012",18.33,16.09,4.00,9.12,6.67,0.92,1.45,5.01,0.44,,0.11,,2.05,0.55,1.77,0.64,0.12,0.00,9.33,0.06,,0.64,1.16,0.95,0.45,0.34,0.68,0.33,0.44,,,0.69
"Aug 10, 2012",18.94,16.35,3.88,9.33,6.59,0.88,1.37,5.52,0.43,,0.12,,2.27,0.50,1.69,0.53,0.12,0.00,9.54,0.15,,0.61,1.01,0.85,0.44,0.33,0.73,0.33,0.43,,,0.65
"Sep 2, 2012",19.30,16.27,3.86,9.15,6.60,0.84,1.33,5.61,0.44,,0.11,,2.27,0.53,1.72,0.56,0.13,0.00,9.77,0.05,,0.60,0.99,0.87,0.43,0.34,0.72,0.36,0.43,,,0.70
"Oct 5, 2012",19.82,17.19,3.90,9.26,6.53,0.60,1.26,5.67,0.42,,0.11,,2.13,0.57,1.80,0.59,0.13,0.00,9.48,0.19,,0.63,1.10,0.49,0.42,0.35,0.73,0.45,0.45,,,0.65
"Nov 4, 2012",19.22,17.46,4.06,9.70,5.59,0.77,1.28,5.73,0.42,,0.11,,2.18,0.59,1.74,0.62,0.14,0.00,10.38,0.06,,0.63,1.00,0.47,0.44,0.36,0.63,0.41,0.47,,,0.66
"Dec 2, 2012",18.70,17.57,3.85,9.20,5.55,0.89,1.32,5.54,0.45,,0.11,,2.17,0.58,1.73,0.61,0.13,0.00,11.12,0.06,,0.57,0.98,0.57,0.44,0.36,0.60,0.39,0.48,,,0.65
"Jan 5, 2013",17.85,17.42,4.17,9.14,6.20,1.04,1.98,5.55,0.44,,0.12,,2.26,0.63,1.77,0.64,0.14,0.01,10.28,0.07,,0.58,0.92,0.58,0.46,0.36,0.63,0.19,0.50,,,0.65
"Feb 8, 2013",17.08,18.39,4.95,8.76,6.68,1.01,1.42,5.07,0.46,,0.11,,2.25,0.64,1.75,0.65,0.13,0.00,9.80,0.08,,0.61,0.89,0.77,0.46,0.34,0.62,0.41,0.51,,,0.63
"Mar 11, 2013",17.14,18.16,4.39,9.11,6.60,0.89,1.37,4.81,0.53,,0.12,,1.96,0.63,2.15,0.61,0.12,0.00,10.23,0.09,,0.92,0.89,0.84,0.45,0.33,0.70,0.32,0.52,,,0.61
"Apr 7, 2013",17.86,17.68,4.44,9.71,6.15,1.10,1.51,5.43,0.48,,0.11,,2.33,0.71,1.97,0.52,0.13,0.01,9.60,0.08,,0.72,0.84,0.72,0.41,0.32,0.65,0.32,0.49,,,0.64
"May 8, 2013",18.73,16.91,4.32,9.20,6.12,1.13,1.54,5.78,0.54,,0.11,,2.28,0.64,1.67,0.59,0.13,0.02,10.43,0.08,,0.71,0.73,0.82,0.42,0.33,0.63,0.30,0.46,,,0.58
"Jun 9, 2013",17.81,16.66,4.18,8.82,5.78,1.07,1.65,5.99,0.48,,0.11,,2.27,0.50,1.48,0.56,0.27,0.02,10.36,0.05,,0.66,0.60,0.91,0.41,0.31,0.54,0.31,0.44,,,0.57
"Jul 7, 2013",17.63,15.91,4.03,8.75,6.21,1.25,1.84,7.19,0.51,,0.22,,2.15,0.58,1.58,0.68,0.18,0.05,10.25,0.10,,0.92,0.69,1.57,0.41,0.32,0.53,0.29,0.44,,,0.57
"Jul 12, 2013",17.63,15.91,4.03,8.75,6.21,1.25,1.84,7.19,0.51,,0.22,,2.15,0.58,1.58,0.68,0.18,0.05,10.25,0.10,,0.92,0.69,1.57,0.41,0.32,0.53,0.29,0.44,,,0.57
"Aug 4, 2013",15.97,15.98,3.60,9.37,6.12,1.32,2.09,6.69,0.39,,0.51,,2.04,0.62,2.07,0.84,0.21,0.04,8.08,0.11,,0.75,0.92,1.39,0.41,0.33,0.53,0.35,0.50,,,0.47
"Sep 11, 2013",16.98,16.15,3.17,8.66,5.56,1.84,2.01,6.43,0.65,,0.22,,1.69,0.48,1.38,0.64,0.61,0.03,8.56,0.09,,0.68,0.90,2.00,0.54,0.37,0.52,0.30,0.63,,,0.54
"Oct 10, 2013",17.25,16.11,3.11,8.66,5.72,1.93,2.04,6.09,0.55,,0.19,,1.61,0.47,1.25,0.61,0.66,0.03,8.99,0.09,,0.73,0.70,2.62,0.47,0.33,0.41,0.27,0.60,,,0.51
"Nov 9, 2013",18.16,16.52,3.11,8.37,6.02,1.97,2.05,5.38,0.41,,0.21,,1.52,0.53,1.30,0.66,0.39,0.03,9.41,0.09,,0.61,0.65,2.52,0.48,0.34,0.42,0.27,0.58,0.02,,0.51
"Dec 6, 2013",17.89,17.31,2.21,8.27,5.62,1.69,1.85,5.28,0.25,,0.26,,1.07,0.58,0.93,0.71,0.22,0.01,10.20,0.03,,0.60,0.69,1.88,0.39,0.18,0.43,0.17,0.44,0.03,,0.32
"Jan 1, 2014",17.94,16.52,2.37,7.56,5.85,1.56,1.58,4.61,0.25,,0.32,,0.92,0.49,1.06,0.77,0.20,0.02,11.10,0.04,,0.63,0.60,1.56,0.41,0.22,0.37,0.20,0.46,0.04,,0.28
"Feb 8, 2014",18.33,17.32,2.16,6.89,6.45,1.80,1.93,4.22,0.25,,0.32,,0.89,0.40,0.92,0.64,0.14,0.03,11.34,0.03,,0.60,0.52,1.67,0.36,0.27,0.39,0.21,0.42,0.04,,0.32
"Mar 3, 2014",17.53,16.41,2.02,6.31,5.57,1.86,1.90,3.70,0.23,,0.29,,1.15,0.73,0.97,0.69,0.11,0.02,12.14,0.03,,0.71,0.88,1.48,0.36,0.23,0.35,0.24,0.41,0.04,,0.27
"Apr 10, 2014",17.63,17.35,1.99,6.14,4.82,1.75,1.75,2.77,0.26,,0.32,,1.03,0.85,1.74,0.76,0.25,0.04,12.87,0.03,,0.78,0.75,1.17,0.35,0.21,0.33,0.28,0.43,0.02,,0.29
"May 7, 2014",16.93,16.91,3.06,5.99,3.75,1.26,1.79,3.39,0.38,,0.42,,1.47,0.77,1.24,0.71,0.23,0.03,11.79,0.05,,0.64,0.97,1.02,0.42,0.25,0.36,0.30,0.59,0.02,,0.44
"Jun 8, 2014",16.19,16.11,2.71,6.43,3.94,1.91,2.00,2.85,0.67,,0.42,,1.48,0.77,1.39,0.77,0.27,0.06,10.93,0.07,,0.49,0.83,1.90,0.37,0.26,0.35,0.32,0.41,0.03,,0.40
"Jul 6, 2014",17.14,15.69,2.66,5.52,4.05,1.49,1.81,2.92,0.41,,0.40,1.05,1.63,0.78,1.07,0.78,0.20,0.05,10.29,0.07,,0.23,1.03,1.76,0.38,0.24,0.32,0.31,0.46,0.02,,0.40
"Aug 11, 2014",16.40,14.98,3.12,4.70,3.41,1.31,2.17,2.86,0.52,,0.37,0.67,2.22,0.65,1.24,0.73,0.22,0.05,9.55,0.09,2.01,0.79,0.92,1.04,0.43,0.27,0.41,0.37,0.55,0.02,,0.44
"Sep 1, 2014",16.72,14.14,2.78,4.67,4.35,1.53,2.45,3.12,0.80,,0.40,0.85,1.37,0.58,1.28,0.82,0.28,0.05,9.94,0.33,1.27,0.81,1.16,1.68,0.41,0.24,0.40,0.38,0.58,0.03,,0.43
"Oct 3, 2014",17.66,13.51,2.33,4.87,4.75,1.75,1.77,2.94,1.52,,0.33,0.76,2.12,0.41,1.13,0.61,0.28,0.05,10.10,1.12,1.56,0.68,1.81,2.10,0.39,0.22,0.30,0.29,0.42,0.04,,0.39
"Nov 8, 2014",17.47,14.39,2.59,6.10,4.98,2.06,2.09,3.04,1.55,,0.33,0.83,2.07,0.60,1.21,0.76,0.25,0.06,9.06,0.82,1.66,0.87,0.96,1.41,0.55,0.31,0.39,0.39,0.60,0.05,,0.49
"Dec 7, 2014",17.59,14.96,2.29,6.10,4.33,2.23,2.43,2.75,1.63,,0.26,1.06,1.83,0.52,0.98,0.87,0.31,0.11,9.13,0.84,1.80,1.33,1.12,1.47,0.54,0.31,0.36,0.49,0.66,0.03,,0.41
"Jan 6, 2015",16.70,15.53,2.61,6.70,5.05,1.07,3.27,3.78,1.04,,0.10,0.75,2.26,1.17,1.13,1.39,0.11,0.04,6.95,0.51,1.07,2.01,0.84,0.87,0.27,0.28,0.65,0.38,1.27,0.06,,0.80
"Feb 5, 2015",16.49,15.34,2.88,6.61,5.74,2.03,3.51,3.17,0.96,,0.30,0.72,1.39,0.75,0.87,1.03,0.50,0.05,6.02,0.09,1.72,1.26,1.57,1.12,0.54,0.32,0.35,0.41,0.86,0.04,,0.45
"Mar 7, 2015",16.64,15.58,2.61,6.64,4.92,2.33,3.63,4.00,0.95,,0.26,0.82,1.33,0.62,1.03,1.00,0.41,0.05,6.69,0.10,1.95,1.03,1.15,1.15,0.61,0.38,0.41,0.47,0.74,0.04,,0.47
"Apr 13, 2015",15.75,16.04,2.69,6.96,4.95,2.13,3.30,3.01,1.03,,0.30,0.88,1.34,0.66,1.07,1.26,0.29,0.07,5.89,0.15,2.20,1.11,1.47,1.27,0.60,0.35,0.40,0.59,0.74,0.05,,0.45
"May 13, 2015",16.85,16.87,3.72,7.87,5.26,2.97,3.13,2.72,1.44,,0.03,1.12,1.82,0.76,1.27,1.28,0.38,0.09,5.39,0.69,1.89,1.13,1.30,0.61,0.62,0.42,0.45,0.73,1.17,0.04,,0.70
"Jun 6, 2015",16.79,17.82,4.00,7.76,5.06,3.17,2.3,2.87,1.52,,0.06,1.44,1.76,0.75,1.36,1.44,0.37,0.14,4.34,0.67,1.84,1.23,1.87,0.49,0.58,0.52,0.55,0.63,0.95,0.05,,0.43
"Jul 12, 2015",16.15,17.73,4.26,8.64,5.65,2.42,2.19,2.89,1.23,,0.06,1.23,1.81,1.54,1.38,1.21,0.32,0.12,3.34,0.78,1.95,1.22,1.48,0.47,0.77,0.48,0.48,0.58,1.03,0.05,,0.57
"Aug 6, 2015",14.73,19.27,4.07,7.74,4.84,2.71,2.16,2.73,1.01,,0.08,1.18,2.12,1.76,1.42,1.23,0.37,0.14,3.20,0.74,1.78,1.14,1.41,0.44,0.85,0.57,0.46,0.64,0.99,0.06,,0.63
"Sep 5, 2015",15.62,19.56,3.66,6.78,4.91,2.06,2.34,2.53,1.04,,0.25,1.19,1.90,1.81,1.78,1.18,0.50,0.20,1.82,0.70,1.53,1.08,1.74,0.42,0.89,0.51,0.60,0.79,0.99,0.13,,0.79
"Oct 4, 2015",16.19,19.54,4.51,5.75,4.82,2.46,2.29,2.56,0.99,,0.14,1.28,2.25,1.57,1.83,1.16,0.58,0.20,1.42,0.69,1.51,1.07,1.64,0.50,0.84,0.47,0.69,0.64,0.91,0.09,,0.71
"Nov 7, 2015",17.15,20.40,3.77,6.20,4.32,2.22,2.47,3.25,1.01,,0.20,1.24,2.03,1.88,2.04,1.19,0.33,0.19,1.43,0.68,1.68,1.03,1.68,0.51,0.83,0.40,0.65,0.60,0.92,0.09,,0.82
"Dec 4, 2015",16.46,20.97,4.43,5.94,4.11,2.39,2.36,2.79,1.12,,0.19,1.41,2.21,1.93,2.06,1.17,0.78,0.22,1.36,0.76,1.65,1.10,1.64,0.48,0.82,0.44,0.59,0.73,0.83,0.09,,0.82
"Jan 2, 2016",16.04,21.47,3.85,6.91,4.71,2.58,2.57,2.71,1.05,,0.16,1.36,1.84,2.09,2.05,1.23,1.18,0.19,1.07,0.77,1.68,1.02,1.79,0.44,0.85,0.49,0.52,0.57,0.87,0.10,,0.66
"Feb 2, 2016",15.59,21.14,4.18,6.91,4.40,2.45,2.20,2.77,1.19,,0.29,1.38,2.25,1.83,2.05,1.09,1.01,0.20,1.40,0.62,1.86,1.06,2.16,0.62,0.67,0.37,0.52,0.79,0.85,0.11,0.02,0.53
"Mar 3, 2016",14.60,20.53,4.26,6.72,4.27,2.56,2.33,2.77,1.29,,0.20,1.59,2.25,1.85,2.24,1.19,1.19,0.21,1.46,0.70,1.67,1.19,2.01,0.79,0.79,0.45,0.58,0.77,0.94,0.10,0.04,0.65
"Apr 7, 2016",13.91,20.85,3.33,5.92,3.80,2.27,2.57,2.99,1.27,,0.24,1.48,2.52,2.19,2.35,1.34,1.26,0.19,1.71,0.76,1.61,1.31,2.21,0.73,0.76,0.41,0.63,0.81,1.02,0.12,0.04,0.67
"May 6, 2016",13.22,20.96,3.79,6.70,4.48,2.32,2.34,2.99,1.33,,0.25,1.59,2.33,1.88,2.34,1.29,1.29,0.23,1.60,0.74,1.83,1.21,2.01,0.75,0.70,0.41,0.59,0.93,0.88,0.10,0.04,0.55
"Jun 5, 2016",12.38,20.79,3.90,6.20,3.79,2.35,2.58,3.23,1.54,,0.21,1.83,2.39,2.12,2.34,1.45,0.84,0.26,1.70,0.89,2.25,1.35,1.94,0.78,0.96,0.47,0.61,0.95,1.05,0.12,0.04,0.66
"Jul 4, 2016",12.24,19.80,4.17,6.31,3.92,2.52,2.64,3.27,1.51,,0.16,1.96,2.43,2.28,2.12,1.56,1.12,0.24,1.88,0.92,2.01,1.46,2.04,0.66,0.94,0.58,0.73,1.08,1.14,0.13,0.04,0.76
"Aug 6, 2016",11.30,19.01,4.40,5.80,4.91,2.52,2.71,3.17,1.61,,1.27,1.98,2.51,2.36,2.28,1.54,1.64,0.25,1.88,0.97,2.05,1.35,2.28,0.77,0.75,0.48,0.73,1.05,0.98,0.13,0.05,0.66
"Sep 8, 2016",10.95,18.24,4.30,6.66,5.49,2.34,2.93,2.85,1.68,,1.62,1.93,2.33,2.42,1.97,1.83,1.82,0.26,1.85,1.09,1.76,1.44,2.17,0.52,0.68,0.45,0.59,0.84,1.06,0.20,0.05,0.57
"Oct 7, 2016",9.84,18.80,3.77,5.80,4.37,2.66,2.75,2.74,1.74,,1.81,2.00,2.49,2.23,2.00,1.62,1.77,0.30,2.26,1.10,1.99,1.53,1.88,0.72,0.74,0.49,0.83,1.13,1.13,0.15,0.05,0.65
"Nov 5, 2016",9.20,18.75,3.57,5.41,3.66,3.17,2.71,3.13,1.72,,2.00,2.04,2.36,2.44,1.98,1.97,1.81,0.29,2.25,1.14,1.92,1.51,1.95,0.64,0.74,0.47,0.71,1.08,1.04,0.15,0.10,0.52
"Dec 4, 2016",8.73,17.86,4.24,5.34,3.17,3.30,2.86,2.92,1.83,,1.94,2.13,2.34,2.54,2.15,1.82,1.79,0.32,2.33,1.18,1.97,1.50,1.95,0.70,0.75,0.48,0.70,1.19,1.03,0.17,0.10,0.53
"Jan 7, 2017",9.35,17.28,3.46,6.30,4.04,2.96,2.85,2.56,1.79,,2.33,1.93,2.75,2.70,2.55,1.58,0.87,0.31,1.62,1.72,1.91,1.54,2.56,0.58,0.74,0.69,0.74,1.16,1.03,0.18,0.09,0.66
"Feb 8, 2017",8.44,16.68,4.04,5.43,4.90,2.82,2.87,3.07,1.92,,2.10,2.13,2.17,2.11,2.15,1.72,0.50,0.36,1.54,1.17,1.88,1.55,2.48,0.72,0.83,0.62,0.76,1.50,1.17,0.21,0.09,0.88
"Mar 7, 2017",7.74,16.38,3.92,5.18,4.41,3.17,2.67,3.01,2.02,,1.98,2.27,2.26,2.23,2.25,1.85,0.47,0.38,2.00,1.20,2.01,1.67,2.54,0.74,0.74,0.54,0.74,1.47,1.04,0.32,0.10,0.78
"Apr 9, 2017",6.97,15.57,3.46,4.55,3.58,3.25,2.85,3.38,2.14,,1.97,2.29,2.41,2.17,2.31,2.04,0.47,0.37,2.16,1.36,2.06,1.62,2.82,0.84,0.80,0.54,0.93,1.67,1.23,0.22,0.12,0.79
"May 6, 2017",7.00,14.64,3.55,4.75,3.46,3.39,3.07,2.69,2.19,,2.08,2.27,2.60,2.86,2.43,2.06,0.31,0.41,2.10,1.41,2.35,1.68,2.04,0.98,0.76,0.57,0.93,1.67,1.11,0.27,0.12,0.79
"Jun 3, 2017",6.85,14.49,4.33,5.72,3.53,3.11,3.02,2.77,2.15,,2.04,2.21,2.31,2.25,2.22,2.00,0.29,0.48,1.96,1.34,2.01,1.57,2.16,0.83,0.78,0.65,0.90,1.71,1.10,0.28,0.35,1.06
"Jul 7, 2017",7.32,13.77,3.54,5.58,3.52,3.05,2.61,3.09,2.11,,2.36,2.25,2.33,2.24,2.25,2.01,0.30,0.46,1.90,1.33,2.10,1.55,2.49,0.93,0.86,0.74,0.87,1.81,1.13,0.30,0.30,0.86
"Aug 2, 2017",6.48,12.96,3.69,5.55,4.20,2.57,2.10,2.29,1.77,,1.65,1.83,1.99,1.81,1.97,1.62,0.43,0.36,1.50,1.27,1.81,1.22,1.82,1.19,0.67,0.75,0.65,1.48,0.99,0.46,0.52,0.78
"Sep 6, 2017",7.38,12.69,2.98,5.56,4.78,1.98,2.02,2.21,1.82,,1.57,1.76,1.95,1.64,1.93,1.63,0.38,0.42,1.51,1.31,1.75,1.48,1.78,1.07,0.88,0.60,0.65,1.38,1.05,0.44,0.25,0.79
"Oct 5, 2017",8.37,12.43,3.80,5.01,3.86,2.74,3.01,2.79,1.68,,1.36,1.67,1.96,2.37,2.32,1.88,0.24,0.41,1.51,1.00,1.42,1.41,2.18,1.18,1.00,0.62,0.67,1.82,1.14,0.43,0.46,0.60
"Nov 12, 2017",9.29,13.23,4.48,5.34,3.01,2.91,2.97,1.90,1.60,,1.57,1.39,1.56,1.72,1.59,1.60,0.76,0.70,1.41,1.07,1.49,1.45,1.74,1.06,0.67,0.51,0.75,1.55,0.91,0.60,0.44,0.78
"Dec 9, 2017",10.16,13.27,3.78,4.72,2.82,2.47,2.47,1.59,1.91,,1.39,1.57,1.44,1.47,1.42,1.57,0.43,0.53,1.50,1.27,1.35,1.37,1.40,1.04,0.66,0.76,0.64,1.37,0.96,0.44,0.99,0.53
"Jan 3, 2018",11.04,14.22,4.68,5.60,3.75,3.26,3.47,2.53,2.55,,1.57,2.38,2.42,2.06,2.41,1.65,0.26,0.23,1.86,1.43,2.31,1.43,2.38,0.50,0.43,0.30,0.62,1.74,0.80,0.23,0.31,0.57
"Feb 8, 2018",11.86,14.99,5.17,5.73,4.45,4.07,3.16,3.42,2.09,2.36,1.42,1.79,1.76,1.83,2.53,1.23,0.19,0.20,1.13,1.02,2.18,1.88,2.59,0.65,0.48,0.33,0.52,0.94,0.63,0.19,0.20,0.46
"Mar 7, 2018",12.76,14.94,5.87,6.45,5.07,4.08,3.92,4.01,1.13,2.69,1.44,2.14,2.23,1.71,2.74,1.41,0.14,0.12,1.77,0.80,1.74,1.33,1.79,0.43,0.46,0.35,0.52,0.40,0.68,0.30,0.28,0.34
"Apr 1, 2018",13.59,15.78,5.80,7.22,5.27,4.95,3.49,4.22,1.81,2.65,1.18,1.53,1.53,1.65,2.02,1.46,0.11,0.13,1.25,0.40,1.80,1.17,1.96,0.40,0.39,0.29,0.38,0.65,0.54,0.20,0.17,0.30
"May 6, 2018",14.00,16.38,5.19,7.67,4.40,4.12,2.92,3.32,1.18,1.99,0.97,0.91,0.91,1.00,1.18,0.93,0.11,0.21,0.94,0.86,0.91,0.90,1.01,0.88,0.42,0.52,0.42,0.54,0.85,0.34,0.29,0.87
"Jun 10, 2018",14.94,15.37,5.76,8.34,4.31,3.76,2.50,2.88,1.45,2.34,0.88,1.14,1.15,0.92,1.25,0.89,0.19,0.26,1.18,0.80,1.15,0.85,0.88,0.65,0.32,0.34,0.37,0.60,0.62,0.28,0.23,0.63
"Jul 7, 2018",14.66,16.14,6.36,7.62,3.79,4.25,2.83,2.83,1.15,2.33,0.97,1.41,1.10,1.15,1.20,1.13,0.11,0.27,1.45,0.58,0.89,0.70,1.11,0.45,0.37,0.22,0.47,0.67,0.42,0.16,0.20,0.44
"Aug 1, 2018",14.97,16.88,6.99,7.47,3.54,4.76,2.41,2.93,0.96,2.32,1.00,1.38,1.17,1.41,1.18,1.37,0.19,0.27,1.36,0.52,0.92,0.70,1.37,0.33,0.40,0.26,0.34,0.62,0.41,0.16,0.21,0.27
"Sep 3, 2018",15.45,17.44,7.65,7.39,3.30,5.31,2.13,2.78,1.02,2.06,1.08,1.22,1.07,1.23,1.29,1.28,0.30,0.40,1.51,0.58,0.68,0.85,1.29,0.32,0.42,0.26,0.41,0.54,0.49,0.24,0.21,0.25
"Oct 5, 2018",15.38,17.80,7.16,7.59,3.49,5.88,2.28,2.79,1.21,2.04,1.25,1.50,1.17,1.25,1.11,1.32,0.44,0.28,1.20,0.54,0.65,0.78,1.15,0.32,0.37,0.25,0.40,0.50,0.48,0.19,0.22,0.27
"Nov 8, 2018",14.40,16.75,7.68,8.28,3.95,6.49,2.66,2.38,1.41,1.84,1.50,1.45,1.00,1.11,1.09,1.03,0.60,0.25,1.48,0.69,0.85,1.00,1.42,0.24,0.38,0.38,0.45,0.60,0.65,0.23,0.22,0.27
"Dec 2, 2018",14.28,15.93,8.38,7.56,3.45,7.13,3.06,2.44,1.11,2.18,1.19,1.22,1.01,1.37,1.11,1.28,0.79,0.30,1.48,0.57,0.98,0.84,1.40,0.25,0.48,0.35,0.37,0.49,0.52,0.19,0.25,0.32
"Jan 4, 2019",13.34,16.90,8.29,8.16,3.28,6.46,3.30,2.68,1.33,2.28,1.12,1.19,1.22,1.20,1.10,1.50,1.02,0.36,1.78,0.76,1.03,1.07,1.10,0.34,0.44,0.32,0.40,0.67,0.49,0.30,0.38,0.28
"Feb 6, 2019",12.42,15.88,7.57,7.44,2.85,7.09,2.85,2.27,1.04,1.90,0.96,0.92,1.10,1.38,1.04,1.20,0.94,0.23,1.45,0.54,0.99,0.82,1.07,0.28,0.51,0.28,0.56,0.46,0.51,0.17,0.23,0.30
"Mar 2, 2019",13.31,14.88,8.26,8.13,3.27,6.43,2.43,2.42,1.28,1.93,1.02,1.16,1.30,1.41,1.20,1.47,1.18,0.31,1.68,0.72,0.95,0.73,1.01,0.41,0.47,0.37,0.42,0.55,0.52,0.21,0.29,0.31
"Apr 7, 2019",14.08,15.04,8.17,8.84,3.52,5.80,2.51,2.24,1.18,2.27,1.01,0.98,1.27,1.71,1.28,1.29,0.93,0.34,1.51,0.51,1.06,0.79,1.26,0.46,0.56,0.36,0.39,0.49,0.59,0.21,0.34,0.30
"May 4, 2019",14.24,16.00,7.83,8.10,3.98,5.19,2.69,2.49,0.95,2.56,1.11,1.15,1.39,1.82,1.34,1.37,1.17,0.34,1.63,0.51,1.32,1.02,1.41,0.57,0.52,0.40,0.36,0.51,0.58,0.22,0.30,0.33
"Jun 9, 2019",13.30,15.00,8.53,7.38,4.48,4.62,2.72,2.57,0.91,2.22,1.26,1.42,1.17,1.48,1.39,1.08,1.30,0.26,1.39,0.60,1.07,0.93,1.13,0.56,0.48,0.24,0.51,0.53,0.40,0.21,0.24,0.33
"Jul 6, 2019",14.21,15.06,9.26,6.70,4.36,4.21,2.30,2.17,0.84,1.98,1.02,1.12,0.92,1.39,1.64,1.08,1.07,0.34,1.69,0.55,1.01,0.69,0.95,0.59,0.38,0.25,0.36,0.37,0.43,0.17,0.19,0.31
"Aug 5, 2019",15.15,16.03,10.02,6.06,3.84,3.69,2.26,2.08,0.82,1.63,0.97,0.89,0.86,1.11,1.32,1.27,1.22,0.45,1.69,0.72,1.02,0.75,1.19,0.40,0.36,0.27,0.41,0.45,0.37,0.28,0.22,0.30
"Sep 9, 2019",15.21,16.66,9.87,5.64,3.40,3.29,2.13,1.86,1.05,1.94,1.22,1.10,1.05,1.38,1.21,1.06,1.50,0.36,1.84,0.65,1.08,0.89,1.33,0.56,0.36,0.30,0.30,0.48,0.42,0.34,0.34,0.35
"Oct 5, 2019",16.18,16.88,9.09,6.23,3.86,3.74,2.08,1.91,1.26,1.93,1.10,1.36,1.02,1.31,1.32,0.92,1.39,0.36,1.50,0.45,1.23,0.82,1.05,0.57,0.44,0.26,0.38,0.52,0.45,0.22,0.32,0.32
"Nov 3, 2019",16.04,16.25,9.84,5.60,4.32,4.23,1.93,1.72,0.98,1.69,0.85,1.65,0.83,1.02,1.26,0.89,1.10,0.51,1.20,0.62,0.96,0.64,1.14,0.38,0.39,0.18,0.27,0.46,0.39,0.25,0.30,0.30
"Dec 6, 2019",16.09,17.25,10.31,6.20,4.80,4.74,2.09,2.05,0.99,1.84,1.00,1.49,0.90,1.07,1.31,0.99,0.84,0.37,1.20,0.81,0.93,0.75,1.28,0.32,0.39,0.17,0.30,0.54,0.42,0.22,0.38,0.30
"Jan 5, 2020",15.77,16.90,9.70,5.57,5.35,5.29,2.45,2.41,0.81,1.50,0.90,1.80,0.75,0.88,1.06,0.74,0.61,0.39,0.93,0.63,0.83,0.57,1.00,0.41,0.31,0.18,0.23,0.49,0.38,0.18,0.29,0.26
"Feb 4, 2020",16.77,17.36,9.35,6.16,5.93,5.86,2.06,2.02,1.01,1.53,1.13,1.46,0.70,1.11,0.84,0.79,0.41,0.35,0.69,0.55,0.60,0.76,0.75,0.38,0.23,0.14,0.24,0.53,0.34,0.17,0.27,0.21
"Mar 4, 2020",16.33,17.78,10.11,6.79,5.32,5.26,2.05,2.02,1.26,1.83,1.28,1.24,0.91,1.25,1.05,0.99,0.25,0.37,0.73,0.60,0.77,0.98,0.71,0.53,0.29,0.18,0.28,0.69,0.48,0.17,0.35,0.23
"Apr 2, 2020",16.72,16.73,9.31,6.78,4.74,4.72,2.38,2.37,1.54,2.17,1.36,1.52,0.97,1.16,1.25,0.93,0.18,0.52,0.94,0.65,0.83,1.05,0.70,0.54,0.33,0.26,0.33,0.77,0.52,0.17,0.41,0.28
"May 2, 2020",17.07,16.28,9.12,6.13,4.29,4.18,2.68,2.49,1.85,2.09,1.27,1.79,0.88,1.12,1.02,1.17,0.28,0.70,0.80,0.64,0.89,0.99,0.60,0.54,0.32,0.19,0.33,0.83,0.58,0.27,0.57,0.33
"Jun 1, 2020",17.19,16.10,8.36,5.95,4.73,4.69,2.27,2.26,2.19,1.73,1.02,1.46,0.82,0.97,0.98,0.90,0.42,0.64,0.61,0.47,0.65,0.74,0.59,0.47,0.27,0.18,0.26,0.73,0.45,0.41,0.45,0.23
"Jul 4, 2020",16.45,15.10,9.09,6.21,5.25,5.23,2.48,1.90,2.41,1.40,1.21,1.43,0.87,0.94,0.81,0.84,0.58,0.70,0.61,0.55,0.66,0.68,0.49,0.64,0.22,0.26,0.33,0.72,0.50,0.34,0.54,0.28
"Aug 2, 2020",16.98,14.43,9.69,6.84,4.68,4.66,2.87,2.24,2.79,1.46,1.43,1.42,1.11,1.04,1.03,0.86,0.77,0.74,0.76,0.62,0.82,0.62,0.53,0.44,0.31,0.39,0.34,0.65,0.51,0.47,0.49,0.39
"Sep 6, 2020",15.95,13.48,10.47,7.11,4.58,4.12,2.54,2.49,2.37,1.76,1.46,1.38,1.30,1.30,1.24,1.10,0.99,0.92,0.85,0.77,0.75,0.67,0.53,0.61,0.36,0.29,0.33,0.73,0.43,0.55,0.41,0.34
"Oct 4, 2020",16.95,12.56,11.28,6.94,4.16,3.97,2.14,2.09,1.99,1.57,1.16,1.09,1.43,1.08,1.16,1.12,1.23,0.68,0.86,0.55,0.77,0.77,0.71,0.71,0.38,0.42,0.35,0.71,0.38,0.40,0.39,0.35
"Nov 3, 2020",16.21,11.68,12.12,7.60,4.67,4.01,2.03,1.79,1.64,1.54,1.36,1.35,1.51,1.17,1.22,1.10,1.51,0.58,0.84,0.54,0.73,0.62,0.86,0.82,0.41,0.35,0.37,0.63,0.53,0.50,0.38,0.37
"Dec 3, 2020",16.48,12.53,12.21,6.91,4.20,3.92,2.35,2.12,1.60,1.53,1.14,1.22,1.20,1.35,1.16,1.10,1.53,0.78,0.81,0.45,0.71,0.78,0.87,0.59,0.45,0.40,0.30,0.67,0.43,0.56,0.32,0.40
"Jan 2, 2021",17.38,11.96,11.72,7.56,3.95,3.84,2.20,1.99,1.90,1.61,1.41,1.43,1.02,1.64,1.30,1.15,1.84,0.61,1.00,0.62,0.79,0.74,0.79,0.40,0.46,0.48,0.37,0.71,0.42,0.73,0.34,0.40
"Feb 6, 2021",16.34,11.29,10.86,6.88,4.44,4.33,2.27,1.75,1.56,1.72,1.28,1.13,0.93,1.65,1.23,1.06,1.50,0.49,0.89,0.42,1.01,0.52,1.02,0.55,0.63,0.54,0.34,0.82,0.58,0.52,0.32,0.47
"Mar 4, 2021",15.33,10.45,10.31,6.52,4.97,4.85,2.11,2.07,1.25,1.87,1.31,0.95,1.15,1.97,1.18,1.04,1.19,0.55,0.91,0.48,1.26,0.44,1.20,0.61,0.83,0.52,0.33,0.78,0.57,0.41,0.46,0.53
"Apr 4, 2021",14.32,11.23,11.03,7.14,4.91,4.55,2.44,1.84,1.12,1.83,1.22,1.19,0.99,2.32,1.23,0.99,1.04,0.49,0.67,0.38,1.54,0.55,1.47,0.50,0.91,0.61,0.34,0.68,0.65,0.42,0.32,0.49
"May 2, 2021",13.38,11.74,11.87,7.81,4.41,4.02,2.45,1.86,1.38,1.71,1.22,1.14,1.04,2.43,1.50,1.23,1.25,0.66,0.79,0.53,1.41,0.55,1.21,0.33,0.83,0.42,0.34,0.75,0.50,0.43,0.36,0.57
"Jun 5, 2021",12.54,11.54,11.84,7.36,4.33,4.01,2.33,2.21,1.20,1.88,0.95,1.10,1.18,2.05,1.23,1.05,1.29,0.47,0.70,0.49,1.72,0.57,1.06,0.45,1.07,0.56,0.32,0.71,0.57,0.36,0.37,0.53
"Jul 4, 2021",11.63,11.20,10.96,8.02,4.84,4.50,2.71,2.58,1.33,1.53,1.17,1.07,0.90,2.40,0.95,0.89,1.09,0.49,0.76,0.43,1.39,0.38,0.85,0.43,1.12,0.70,0.29,0.69,0.50,0.35,0.32,0.48
"Aug 3, 2021",12.57,10.43,11.86,7.36,5.14,4.67,2.95,2.19,1.05,1.47,0.90,0.98,0.78,2.03,1.01,0.98,1.36,0.56,0.61,0.45,1.23,0.43,0.62,0.27,1.14,0.80,0.26,0.55,0.37,0.51,0.30,0.49
"Sep 11, 2021",11.83,11.12,11.67,7.13,5.78,4.62,2.55,1.85,0.98,1.80,1.13,1.07,0.78,2.42,1.27,1.02,1.46,0.57,0.63,0.29,1.52,0.47,0.77,0.19,1.01,0.72,0.27,0.75,0.53,0.53,0.34,0.40
"Oct 6, 2021",11.16,10.46,11.27,7.50,5.26,5.24,2.19,2.10,1.20,2.17,1.28,1.11,0.93,2.06,1.12,1.20,1.18,0.53,0.45,0.33,1.83,0.52,0.93,0.26,1.08,0.62,0.40,0.69,0.71,0.52,0.38,0.42
"Nov 6, 2021",10.72,10.72,11.77,8.28,6.06,5.72,2.66,1.81,1.28,2.11,1.21,1.43,1.22,2.52,1.43,1.17,1.51,0.54,0.55,0.42,1.56,0.58,1.22,0.18,1.19,0.77,0.58,0.77,0.68,0.35,0.40,0.41
"Dec 5, 2021",11.80,10.12,12.90,7.73,6.40,5.40,2.30,1.50,1.58,1.79,0.95,1.76,0.96,2.25,1.16,0.92,1.23,0.45,0.42,0.26,1.27,0.43,1.14,0.16,1.04,0.60,0.40,0.60,0.68,0.27,0.57,0.41
"Jan 1, 2022",12.44,10.66,13.58,8.29,5.68,4.74,2.09,1.40,1.25,1.80,1.04,1.41,0.71,1.85,0.88,0.96,0.94,0.50,0.58,0.27,0.98,0.35,0.99,0.17,0.77,0.48,0.37,0.59,0.51,0.39,0.37,0.34
"Feb 2, 2022",14.08,12.13,15.33,8.01,5.37,5.23,1.83,1.79,1.11,1.55,1.23,1.18,0.79,1.60,0.89,1.03,0.74,0.54,0.81,0.42,0.83,0.37,0.90,0.16,0.58,0.39,0.40,0.64,0.42,0.40,0.41,0.39
"Mar 2, 2022",13.06,11.19,14.26,8.66,5.92,5.77,2.09,1.92,1.37,1.85,0.98,0.90,0.57,1.90,0.66,0.80,0.52,0.51,0.59,0.26,0.60,0.39,1.12,0.22,0.39,0.55,0.56,0.53,0.54,0.32,0.38,0.42
"Apr 5, 2022",12.71,10.82,13.92,8.28,6.82,5.40,2.41,1.64,1.55,2.28,1.09,1.00,0.79,2.35,0.88,0.74,0.35,0.44,0.82,0.23,0.83,0.28,1.18,0.22,0.35,0.74,0.78,0.66,0.55,0.48,0.47,0.37
"May 3, 2022",11.59,10.99,12.74,8.83,6.39,5.86,2.12,1.52,1.22,1.87,1.11,1.23,0.99,1.92,0.86,0.82,0.20,0.39,1.03,0.31,1.03,0.27,1.42,0.22,0.38,0.81,0.98,0.65,0.62,0.64,0.39,0.46
"Jun 4, 2022",11.91,10.47,12.20,9.63,6.12,5.42,2.09,1.25,0.98,1.94,1.02,1.55,0.76,1.85,0.75,0.64,0.26,0.52,1.02,0.23,1.33,0.40,1.32,0.20,0.55,0.74,0.76,0.60,0.69,0.52,0.44,0.50
"Jul 2, 2022",13.13,11.59,13.44,10.00,5.65,4.97,1.78,1.20,0.76,1.64,1.14,1.27,0.78,1.65,0.99,0.73,0.23,0.42,0.94,0.31,1.07,0.24,1.06,0.14,0.76,0.54,0.55,0.72,0.53,0.49,0.28,0.38
"Aug 2, 2022",14.76,12.46,15.63,10.14,5.41,4.90,2.40,1.36,0.90,1.67,0.96,1.25,0.70,2.75,0.72,0.88,0.22,0.57,1.20,0.34,1.24,0.24,1.20,0.20,0.80,0.48,0.52,0.59,0.37,0.44,0.41,0.48
"Sep 1, 2022",13.96,11.72,15.74,9.76,4.88,4.39,2.82,1.68,0.95,2.01,1.16,0.98,0.72,2.49,0.66,1.06,0.18,0.51,1.49,0.34,0.98,0.36,1.09,0.15,1.03,0.45,0.41,0.57,0.52,0.61,0.31,0.43
"Oct 1, 2022",15.21,12.84,17.08,9.92,4.42,3.95,2.74,2.04,1.22,1.78,1.27,1.05,0.69,2.39,0.88,1.18,0.15,0.70,1.21,0.35,0.87,0.52,0.85,0.23,0.79,0.30,0.58,0.67,0.39,0.43,0.43,0.38
"Nov 1, 2022",15.08,11.98,17.18,10.75,4.25,4.11,2.74,1.69,1.14,1.82,1.15,0.87,0.57,2.18,0.85,1.02,0.17,0.75,0.93,0.34,1.10,0.34,1.08,0.18,0.57,0.44,0.61,0.88,0.54,0.36,0.47,0.48
"Dec 2, 2022",16.56,11.82,16.66,11.94,4.92,3.94,3.19,1.62,1.25,2.22,1.15,0.91,0.78,1.87,0.81,0.95,0.21,0.68,0.71,0.28,1.15,0.28,0.85,0.26,0.43,0.31,0.56,0.67,0.41,0.52,0.58,0.38
"Dec 29, 2022",16.26,12.21,16.36,12.91,5.73,4.64,2.87,1.39,1.04,2.50,1.14,1.20,0.59,1.60,0.80,0.91,0.24,0.61,0.53,0.22,0.98,0.22,0.73,0.34,0.45,0.18,0.52,0.58,0.33,0.36,0.48,0.46
"Feb 1, 2023",15.39,13.21,15.49,13.94,6.38,4.14,2.52,1.29,1.08,2.12,1.11,0.93,0.79,1.38,0.83,0.99,0.37,0.70,0.48,0.24,0.74,0.32,0.95,0.49,0.58,0.19,0.53,0.76,0.41,0.29,0.31,0.60
"Mar 2, 2023",14.73,13.56,14.83,13.29,7.17,4.75,2.17,1.61,0.93,1.95,1.24,0.71,0.58,1.11,0.76,1.08,0.29,0.73,0.43,0.24,0.98,0.34,1.06,0.42,0.79,0.23,0.36,1.00,0.58,0.29,0.27,0.42
"Apr 1, 2023",14.41,13.23,14.51,12.96,8.21,4.40,2.10,1.36,0.76,1.68,1.28,0.72,0.44,1.03,0.66,0.86,0.20,0.63,0.54,0.38,0.92,0.20,1.23,0.29,0.59,0.18,0.33,0.79,0.41,0.30,0.25,0.55
"May 2, 2023",13.35,12.22,13.45,11.96,7.43,3.84,2.44,1.59,0.82,1.48,0.99,0.91,0.60,1.20,0.80,0.88,0.26,0.82,0.59,0.44,0.75,0.22,1.01,0.43,0.78,0.23,0.44,0.95,0.56,0.44,0.37,0.66
"Jun 2, 2023",12.37,11.28,12.46,11.36,6.71,3.34,2.82,1.74,0.94,1.47,1.00,0.93,0.63,1.29,0.94,1.11,0.21,0.91,0.65,0.42,0.96,0.34,1.26,0.51,0.99,0.35,0.47,1.02,0.75,0.60,0.52,0.61
"Jul 2, 2023",11.56,10.50,13.42,10.80,6.87,2.90,3.11,1.41,0.87,1.48,1.07,0.88,0.65,1.01,0.91,1.26,0.24,0.89,0.63,0.41,0.83,0.36,0.98,0.41,1.25,0.50,0.47,1.07,0.86,0.76,0.70,0.77
"Aug 4, 2023",11.41,10.33,13.33,10.63,7.04,2.63,3.29,1.27,0.92,1.53,1.16,0.90,0.68,1.34,0.91,1.05,0.26,0.89,0.52,0.43,0.84,0.33,0.80,0.34,1.03,0.72,0.47,1.22,0.96,0.85,0.69,0.79
"Sep 2, 2023",11.27,9.49,14.16,10.65,7.31,2.22,3.30,1.55,0.97,1.44,1.19,1.00,0.73,1.53,0.95,1.19,0.24,0.97,0.60,0.50,0.82,0.44,1.02,0.48,1.28,0.51,0.51,1.08,0.88,0.79,0.90,0.84
"Oct 4, 2023",12.08,8.92,14.82,10.67,7.71,2.13,2.91,1.90,0.96,1.78,1.37,1.07,0.64,1.64,0.92,1.27,0.20,0.91,0.45,0.47,0.90,0.28,1.30,0.45,1.02,0.70,0.70,1.37,0.76,0.58,0.96,0.77
"Nov 2, 2023",11.77,8.35,14.16,10.36,7.65,2.10,3.21,2.30,0.93,1.88,1.19,1.04,0.59,1.35,0.99,1.15,0.22,0.91,0.49,0.48,0.88,0.28,1.14,0.63,1.30,0.90,0.50,1.31,0.88,0.44,1.15,0.72
"Dec 4, 2023",11.44,7.99,13.86,10.01,7.30,1.82,2.90,2.01,0.72,1.61,1.03,0.82,0.55,1.11,0.77,0.93,0.24,0.80,0.43,0.47,0.68,0.26,0.92,0.45,1.07,0.70,0.41,1.08,0.68,0.46,0.92,0.57
"Jan 2, 2024",11.44,7.87,13.97,9.96,7.16,1.60,2.77,1.79,0.74,1.46,1.38,0.89,0.52,0.92,0.80,0.97,0.23,0.79,0.46,0.43,0.60,0.27,1.09,0.30,1.09,0.56,0.37,1.44,0.78,0.40,0.85,0.62
"Feb 2, 2024",10.97,8.88,15.16,10.53,7.53,1.52,3.17,1.51,0.99,1.82,1.73,1.16,0.63,1.19,0.99,1.26,0.22,1.05,0.47,0.58,0.82,0.24,1.40,0.40,1.40,0.77,0.44,1.18,1.01,0.43,1.07,0.77
"Mar 1, 2024",11.17,8.95,15.63,10.70,7.54,1.42,3.38,1.32,0.81,1.92,1.56,1.08,0.58,1.39,1.01,1.24,0.21,1.03,0.42,0.50,0.66,0.21,1.22,0.27,1.22,0.61,0.62,1.46,0.83,0.38,0.95,0.75
"Apr 3, 2024",10.21,8.94,16.41,9.76,6.77,1.70,2.89,1.09,0.84,1.61,1.85,1.23,0.76,1.30,1.24,1.11,0.21,1.03,0.51,0.60,0.60,0.24,1.47,0.39,1.47,0.79,0.48,1.14,0.80,0.44,1.05,0.74
"May 1, 2024",9.98,8.69,16.33,9.53,6.49,2.01,3.01,0.97,0.75,1.44,1.60,1.01,0.58,1.07,1.06,1.06,0.24,0.93,0.38,0.68,0.84,0.29,1.24,0.27,1.24,0.60,0.40,0.93,0.85,0.58,0.89,0.83
"Jun 1, 2024",9.23,8.40,15.39,10.03,6.65,1.66,3.32,1.22,0.96,1.75,1.93,1.27,0.69,1.26,1.11,1.26,0.21,1.17,0.41,0.66,0.90,0.32,1.52,0.32,1.53,0.80,0.41,1.17,0.96,0.54,1.01,0.80
"Jul 3, 2024",9.48,8.59,16.12,10.34,6.72,2.08,3.79,1.15,0.83,2.04,2.19,1.13,0.80,1.11,1.16,1.34,0.19,1.18,0.44,0.64,0.97,0.36,1.89,0.37,2.05,0.67,0.43,1.15,1.08,0.51,1.05,0.78
"Aug 1, 2024",9.17,9.16,18.04,10.04,6.39,2.18,3.91,1.46,1.11,2.21,2.03,1.28,0.91,1.21,1.28,1.72,0.17,1.28,0.47,0.63,1.04,0.40,1.63,0.42,1.79,0.92,0.45,1.09,1.09,0.48,1.13,0.61
"Sep 1, 2024",8.89,9.45,20.17,10.75,6.08,2.70,3.92,1.46,1.20,1.94,2.35,1.08,0.71,0.99,1.13,1.47,0.15,1.32,0.49,0.61,0.92,0.32,1.77,0.46,1.78,0.76,0.46,1.11,1.09,0.51,1.10,0.71
"Oct 2, 2024",8.38,10.51,21.90,11.60,5.62,2.35,3.54,1.21,1.09,1.64,2.02,0.98,0.56,1.13,0.99,1.48,0.15,1.45,0.42,0.56,0.87,0.28,1.68,0.37,1.80,0.62,0.56,1.41,0.99,0.57,0.97,0.73
"Nov 1, 2024",9.01,9.60,22.85,10.64,4.98,1.95,3.71,1.47,1.02,1.94,2.35,1.14,0.68,0.97,1.08,1.28,0.14,1.17,0.40,0.53,0.82,0.23,1.48,0.52,1.97,0.81,0.48,1.11,0.86,0.54,0.92,0.71
"Dec 1, 2024",9.10,9.72,23.84,10.82,4.87,1.96,4.61,1.39,1.05,1.99,2.17,0.98,0.64,1.04,1.03,1.09,0.14,1.29,0.38,0.47,0.70,0.27,1.44,0.37,1.79,0.90,0.64,1.33,0.98,0.50,0.82,0.72
"Jan 1, 2025",8.86,10.15,23.28,10.29,4.45,2.37,4.20,1.38,1.00,2.41,2.61,0.99,0.49,1.01,1.06,1.07,0.15,1.16,0.36,0.48,0.89,0.22,1.79,0.54,2.04,0.92,0.59,1.55,0.95,0.49,0.74,0.65
"Feb 1, 2025",9.84,10.66,23.88,11.37,4.12,2.04,3.78,1.14,1.06,2.87,2.26,0.77,0.49,0.95,0.82,0.98,0.14,1.47,0.40,0.52,0.76,0.23,2.18,0.37,1.75,0.80,0.42,1.54,0.82,0.37,0.76,0.71
"Mar 3, 2025",9.53,10.36,23.85,11.08,4.87,2.52,3.46,1.48,0.94,2.57,2.78,0.61,0.70,0.87,0.83,0.98,0.13,1.23,0.34,0.46,0.69,0.19,2.15,0.23,1.70,0.78,0.39,1.66,0.84,0.36,0.85,0.85
"Apr 1, 2025",9.94,9.63,23.08,10.33,4.39,2.94,3.71,1.31,1.19,2.19,3.02,0.67,0.91,0.97,0.75,1.07,0.13,0.96,0.39,0.46,0.86,0.22,2.53,0.13,2.04,0.83,0.36,1.35,0.91,0.46,0.74,1.09
"May 2, 2025",9.71,9.31,25.35,9.94,4.22,2.62,3.68,1.22,1.46,1.90,2.70,0.77,1.20,0.97,0.77,1.02,0.13,0.94,0.37,0.46,0.67,0.21,2.29,0.13,1.78,0.77,0.40,1.35,0.88,0.36,0.72,1.42
"Jun 1, 2025",9.47,8.84,25.87,10.68,4.69,2.20,3.21,1.25,1.39,1.55,2.28,0.73,1.47,0.91,0.74,1.13,0.12,0.97,0.39,0.50,0.87,0.23,2.15,0.12,1.86,0.80,0.44,1.19,0.89,0.42,0.75,1.70
"Jul 2, 2025",9.65,8.76,26.98,9.80,4.87,1.94,3.36,1.28,1.25,1.39,2.04,0.85,1.76,0.94,0.76,1.11,0.13,1.01,0.42,0.61,0.63,0.24,1.77,0.13,1.67,0.73,0.46,1.06,0.83,0.41,0.90,1.77
