Programming Language,Jul 2026,Jul 2025,Ratings(%),Change(%)
Python,1,1,18.94,-8.03
C,2,3,10.86,+1.22
C++,3,2,9.12,-0.68
Java,4,4,8.03,-0.73
C#,5,5,4.49,-0.38
JavaScript,6,6,2.72,-0.63
Visual Basic,7,8,2.48,+0.54
SQL,8,13,1.71,+0.32
R,9,15,1.69,+0.44
Rust,10,18,1.34,+0.33
Delphi/Object Pascal,11,10,1.29,-0.48
Scratch,12,17,1.27,+0.21
Go,13,7,1.17,-0.88
PHP,14,14,1.16,-0.12
Swift,15,21,0.99,+0.15
Ada,16,9,0.91,-0.86
Assembly Language,17,19,0.81,-0.12
MATLAB,18,16,0.74,-0.37
Fortran,19,12,0.74,-0.93
Ruby,20,23,0.73,-0.02